source_row,source_pdf_url,source_reference_no,reference_no,form_type,company_name,security_symbol,transaction_date,transaction_type,transaction_channel,broker_name,biglot,section_2_2,section_2_3,submission_date,highest_price_90_days,highest_price_date,reporter_name,contact_person,report_purpose,section_8_1_stock_type,section_8_2_convertible_type,section_8_3_other_type,common_before_units,common_before_voting_rights,common_before_percent,common_transaction_units,common_transaction_voting_rights,common_transaction_percent,common_after_units,common_after_voting_rights,common_after_percent,preferred_before_units,preferred_before_voting_rights,preferred_before_percent,preferred_transaction_units,preferred_transaction_voting_rights,preferred_transaction_percent,preferred_after_units,preferred_after_voting_rights,preferred_after_percent,section_10,section_11,section_12,reference_match,extraction_status,error_message
4,https://web-r246-api.sec.or.th/api/forms/pdf/publish/6ab0b5ee187437e026bb77ce,246043972609-1,246043972609-1,246-2,บริษัท บางจาก คอร์ปอเรชัน จำกัด (มหาชน),BCP,18/09/2569,การจำหน่าย,ผ่าน ต.ล.ท. โดยผ่านบริษัทหลักทรัพย์,บริษัท หลักทรัพย์ทิสโก้ จำกัด,,,,21/09/2569,,,กองทุนรวมวายุภักษ์ หนึง,ศุภรัสมิ จรรย์วรรธน์,รายงานตามมาตรา 246,"หุ้นสามัญ, หุ้นบุริมสิทธิ",,,146777046,146777046,10.0327,500000,500000,0.0341,146277046,146277046,9.9986,0,0,0.0,0,0,0.0,0,0,0.0,,,,True,success,
13,https://web-r246-api.sec.or.th/api/forms/pdf/publish/6aa1297b5669891379e0e823,246043792609-1,246043792609-1,246-2,บริษัท บางจาก คอร์ปอเรชัน จำกัด (มหาชน),BCP,07/09/2569,การจำหน่าย,ผ่าน ต.ล.ท. โดยผ่านบริษัทหลักทรัพย์,บริษัท หลักทรัพย์กรุงศรี จำกัด (มหาชน) บริษัท หลักทรัพย์ ซีจีเอส อินเตอร์เนชันแนล (ประเทศไทย) จำกัด บริษัท หลักทรัพย์ทีทีบ ี เวลธ์ จำกัด (มหาชน),,,,09/09/2569,,,สำนักงานประกันสังคม,นาย ธราดล ธรณธรรม,รายงานตามมาตรา 246,"หุ้นสามัญ, หุ้นบุริมสิทธิ",,,148414497,148414497,10.1447,3000000,3000000,0.205,145414497,145414497,9.9396,0,0,0.0,0,0,0.0,0,0,0.0,,,,True,success,
48,https://web-r246-api.sec.or.th/api/forms/pdf/publish/6a5eeec23639b7274eabb65a,246042892607-1,246042892607-1,246-2,บริษัท บางจาก คอร์ปอเรชัน จำกัด (มหาชน),BCP,20/07/2569,การจำหน่าย,ผ่าน ต.ล.ท. โดยผ่านบริษัทหลักทรัพย์,บริษัท หลักทรัพย์ ซีจีเอส อินเตอร์เนชันแนล (ประเทศไทย) จำกัด,,,,21/07/2569,,,กองทุนรวมวายุภักษ์ หนึง,ศุภรัสมิ จรรย์วรรธน์,รายงานตามมาตรา 246,"หุ้นสามัญ, หุ้นบุริมสิทธิ",,,219961046,219961046,15.0352,2549400,2549400,0.1742,217411646,217411646,14.8609,0,0,0.0,0,0,0.0,0,0,0.0,,,,True,success,
189,https://web-r246-api.sec.or.th/api/forms/pdf/publish/69afbc4a30554da3345de35d,246041232603-1,246041232603-1,246-2,BCPG PUBLIC COMPANY LIMITED,BCPG,09/03/2026,Disposition,Through the Stock Exchange of Thailand via a securities company,FINANSIA SYRUS SECURITIES PUBLIC COMPANY LIMITED,,,,10/03/2026,,,CAPITAL ASIA INVESTMENTS PTE. LTD.,Capital Asia Investments Pte. Ltd.,to file a report in accordance with Section 246,"Common shares, Preferred shares",,,164349100,164349100,5.486,26700000,26700000,0.8912,137649100,137649100,4.5947,0,0,0.0,0,0,0.0,0,0,0.0,,,,True,success,
190,https://web-r246-api.sec.or.th/api/forms/pdf/publish/69b11c0e30554da3345de367,246041232603-2,246041232603-2,246-2,BCPG PUBLIC COMPANY LIMITED,BCPG,09/03/2026,Disposition,Through the Stock Exchange of Thailand via a securities company,FINANSIA SYRUS SECURITIES PUBLIC COMPANY LIMITED,,,,11/03/2026,,,CAPITAL ASIA INVESTMENTS PTE. LTD.,Capital Asia Investments Pte. Ltd.,to amend or supplement Form 246-2,"Common shares, Preferred shares",,,194649100,194649100,6.4974,57000000,57000000,1.9026,137649100,137649100,4.5947,0,0,0.0,0,0,0.0,0,0,0.0,,,,True,success,
325,https://web-r246-api.sec.or.th/api/forms/pdf/publish/692c70d5794d88d1dd8c6ef7,246039532512-1,246039532512-1,246-2,บริษัท บางจาก คอร์ปอเรชัน จำกัด (มหาชน),BCP,28/11/2568,การจำหน่าย,ผ่าน ต.ล.ท. โดยผ่านบริษัทหลักทรัพย์,บริษัท หลักทรัพย์หยวนต้า (ประเทศไทย) จำกัด,,,,03/12/2568,,,บริษัท อัลฟา ชาร์เตอร์ด เอนเนอร์จี จำกัด,นางสาว เยาวโรจน์ กลินบุญ,รายงานตามมาตรา 246,"หุ้นสามัญ, หุ้นบุริมสิทธิ",,,276300000,276300000,20.0664,27149000,27149000,1.9717,249151000,249151000,18.0947,0,0,0.0,0,0,0.0,0,0,0.0,,,,True,success,
692,https://web-r246-api.sec.or.th/api/forms/pdf/publish/67f5e297e772ef4c7d3560a5,246035442504-1,246035442504-1,246-2,บริษัท บางจาก คอร์ปอเรชัน จำกัด (มหาชน),BCP,09/04/2568,การได้มา,ผ่าน ต.ล.ท. โดยผ่านบริษัทหลักทรัพย์,บริษัท หลักทรัพย์ อินโนเวสท์ เอกซ์ จำกัด บริษัทหลักทรัพย์ต่างประเทศ Maybank Securities Pte. Ltd.,Capital Asia Investments Pte. Ltd.,,,09/04/2568,40.25,03/04/2568,บริษัท อัลฟา ชาร์เตอร์ด เอนเนอร์จี จำกัด,นางสาว เยาวโรจน์ กลินบุญ,รายงานตามมาตรา 246,"หุ้นสามัญ, หุ้นบุริมสิทธิ",,,191045415,191045415,13.8748,84454585,84454585,6.1335,275500000,275500000,20.0083,0,0,0.0,0,0,0.0,0,0,0.0,,,,True,success,
703,https://web-r246-api.sec.or.th/api/forms/pdf/publish/67ebaeb7345a820878c81c9b,246035392504-1,246035392504-1,246-2,บริษัท บางจาก คอร์ปอเรชัน จำกัด (มหาชน),BCP,31/03/2568,การได้มา,ผ่าน ต.ล.ท. โดยผ่านบริษัทหลักทรัพย์,บริษัท หลักทรัพย์หยวนต้า (ประเทศไทย) จำกัด บริษัทหลักทรัพย์ต่างประเทศ Maybank Securities Pte. Ltd.,Capital Asia Investments Pte. Ltd.,,,03/04/2568,38.5,31/03/2568,บริษัท อัลฟา ชาร์เตอร์ด เอนเนอร์จี จำกัด,นางสาว เยาวโรจน์ กลินบุญ,รายงานตามมาตรา 246,"หุ้นสามัญ, หุ้นบุริมสิทธิ",,,117676315,117676315,8.5463,43381200,43381200,3.1505,161057515,161057515,11.6969,0,0,0.0,0,0,0.0,0,0,0.0,,,,True,success,
720,https://web-r246-api.sec.or.th/api/forms/pdf/publish/67dd2226c75eac82dbf296f6,246035212503-1,246035212503-1,246-2,บริษัท บางจาก คอร์ปอเรชัน จำกัด (มหาชน),BCP,19/03/2568,การได้มา,ผ่าน ต.ล.ท. โดยผ่านบริษัทหลักทรัพย์,บริษัท หลักทรัพย์หยวนต้า (ประเทศไทย) จำกัด บริษัทหลักทรัพย์ต่างประเทศ Maybank Securities Pte. Ltd.,Capital Asia Investments Pte. Ltd.,,,24/03/2568,38.5,05/03/2568,บริษัท อัลฟา ชาร์เตอร์ด เอนเนอร์จี จำกัด,นายณัฐกร อธิธนาวานิช,รายงานตามมาตรา 246,"หุ้นสามัญ, หุ้นบุริมสิทธิ",,,35441000,35441000,2.5739,62907915,62907915,4.5687,98348915,98348915,7.1426,0,0,0.0,0,0,0.0,0,0,0.0,,,,True,success,
735,https://web-r246-api.sec.or.th/api/forms/pdf/publish/677f9b6fb8679a1870e02c89,246035082503-1,246035082503-1,246-2,BANGCHAK CORPORATION PUBLIC COMPANY LIMITED,BCP,05/03/2025,Disposition,Through the Stock Exchange of Thailand via a securities company,Maybank Securities Pte. Ltd.,Thai NVDR Company Limited,,,11/03/2025,,,CAPITAL ASIA INVESTMENTS PTE LTD,Mr. Eugene Tang,to file a report in accordance with Section 246,"Common shares, Preferred shares",,,190859400,190859400,13.8612,123923085,123923085,9.0,66936315,66936315,4.8612,0,0,0.0,0,0,0.0,0,0,0.0,,,,True,success,
834,https://web-r246-api.sec.or.th/api/forms/pdf/publish/6774f69e1f122d3403caafc3,246034042501-1,246034042501-1,246-2,BANGCHAK CORPORATION PUBLIC COMPANY LIMITED,BCP,30/12/2024,Acquisition,Through the Stock Exchange of Thailand via a securities company,CGS International Securities Singapore Pte. Ltd.,,,,01/01/2025,36.5,30/12/2024,CAPITAL ASIA INVESTMENTS PTE LTD,Mr. Eugene Tang,to file a report in accordance with Section 246,"Common shares, Preferred shares",,,81781200,81781200,5.9394,55911200,55911200,4.0605,137692400,137692400,10.0,0,0,0.0,0,0,0.0,0,0,0.0,,,,True,success,
855,https://web-r246-api.sec.or.th/api/forms/pdf/publish/676924cbbf54c5572f0b6b4c,246033892412-1,246033892412-1,246-2,BANGCHAK CORPORATION PUBLIC COMPANY LIMITED,BCP,20/12/2024,Acquisition,Through the Stock Exchange of Thailand via a securities company,CGS International Securities Singapore Pte Ltd,,,,23/12/2024,32.37,19/11/2024,CAPITAL ASIA INVESTMENTS PTE LTD,Mr. Eugene Tang,to file a report in accordance with Section 246,"Common shares, Preferred shares",,,0,0,0.0,81781200,81781200,5.9394,81781200,81781200,5.9394,0,0,0.0,0,0,0.0,0,0,0.0,,,,True,success,
1162,https://web-r246-api.sec.or.th/api/forms/pdf/publish/6685085480472a228170369d,246030722407-1,246030722407-1,246-2,บริษัท บางจาก คอร์ปอเรชั่น จำกัด (มหาชน),BCP,02/07/2567,,,บริษัท หลักทรัพย์บัวหลวง จำกัด (มหาชน),,,,05/07/2567,41.2404,10/05/2567,สำนักงานประกันสังคม,นาย ธราดล ธรณธรรม,,,,การระบุข้อมูลในข้อ 9 ข้อ 10 หรือข้อ 11 ให้ขึ้นกับลักษณะการกระทำที่เป็นผลให้มีหน้าที่รายงาน,205264097,205264097,14.9074,1953400,1953400,0.1418,207217497,207217497,15.0493,0,0,0.0,0,0,0.0,0,0,0.0,,,,True,success,
1198,https://web-r246-api.sec.or.th/api/forms/pdf/publish/666feb43063a3a04f9801912,246030342406-1,246030342406-1,246-2,บริษัท บีบีจีไอ จำกัด (มหาชน),BBGI,18/06/2567,,,บริษัท หลักทรัพย์ฟินันเซีย ไซรัส จำกัด (มหาชน),,,,19/06/2567,4.98,22/04/2567,บริษัท น้ำตาลขอนแก่น จำกัด (มหาชน),ณิชกมล ปานแก้ว,,,,การระบุข้อมูลในข้อ 9 ข้อ 10 หรือข้อ 11 ให้ขึ้นกับลักษณะการกระทำที่เป็นผลให้มีหน้าที่รายงาน,432119988,432119988,29.8838,1680012,1680012,0.1161,433800000,433800000,30.0,0,0,0.0,0,0,0.0,0,0,0.0,,,,True,success,
1377,https://web-r246-api.sec.or.th/api/forms/pdf/publish/65f94c553126ad39a1f34dc3,246028822403-1,246028822403-1,246-2,บริษัท บางจาก คอร์ปอเรชั่น จำกัด (มหาชน),BCP,18/03/2567,,,บริษัท หลักทรัพย์ อินโนเวสท์ เอกซ์ จำกัด,,,,21/03/2567,,,สำนักงานประกันสังคม,น.ส. นพัฐกรณ์ กอนดี,,,,การระบุข้อมูลในข้อ 9 ข้อ 10 หรือข้อ 11 ให้ขึ้นกับลักษณะการกระทำที่เป็นผลให้มีหน้าที่รายงาน,206566097,206566097,15.002,1524100,1524100,0.1106,205041997,205041997,14.8913,0,0,0.0,0,0,0.0,0,0,0.0,,,,True,success,
1384,https://web-r246-api.sec.or.th/api/forms/pdf/publish/65f40ea60f197e87f7c49c11,246028772403-1,246028772403-1,246-2,บริษัท บางจาก คอร์ปอเรชั่น จำกัด (มหาชน),BCP,14/03/2567,,,บริษัท หลักทรัพย์ เกียรตินาคินภัทร จำกัด (มหาชน),,,,19/03/2567,44.095,14/03/2567,สำนักงานประกันสังคม,น.ส. นพัฐกรณ์ กอนดี,,,,การระบุข้อมูลในข้อ 9 ข้อ 10 หรือข้อ 11 ให้ขึ้นกับลักษณะการกระทำที่เป็นผลให้มีหน้าที่รายงาน,206094697,206094697,14.9677,471400,471400,0.0342,206566097,206566097,15.002,0,0,0.0,0,0,0.0,0,0,0.0,,,,True,success,
1391,https://web-r246-api.sec.or.th/api/forms/pdf/publish/65ee79a8202bb6c1b1fcd5cd,246028702403-1,246028702403-1,246-2,บริษัท บีบีจีไอ จำกัด (มหาชน),BBGI,07/03/2567,,,บริษัท หลักทรัพย์ฟินันเซีย ไซรัส จำกัด (มหาชน),,,,11/03/2567,4,07/03/2567,บริษัท บางจาก คอร์ปอเรชั่น จำกัด (มหาชน),นางอังสนา พิเรนทร,,,,การระบุข้อมูลในข้อ 9 ข้อ 10 หรือข้อ 11 ให้ขึ้นกับลักษณะการกระทำที่เป็นผลให้มีหน้าที่รายงาน,650690088,650690088,44.9993,31000,31000,0.0021,650721088,650721088,45.0014,0,0,0.0,0,0,0.0,0,0,0.0,,,,True,success,
1432,https://web-r246-api.sec.or.th/api/forms/pdf/publish/65cb37c5201b4a4cec90610a,246028202402-1,246028202402-1,246-2,name BCPG PUBLIC COMPANY LIMITED,BCPG,,,,,,,,13/02/2024,8.45,15/01/2024,,,,,,,106504000,106504000,3.5551,51550000,51550000,1.7207,158054000,158054000,5.2759,0,0,0.0,0,0,0.0,0,0,0.0,,,,True,success,
1634,https://web-r246-api.sec.or.th/api/forms/pdf/publish/64d4b8a38525c831a281c159,246025752308-1,246025752308-1,246-2,บริษัท บางจาก คอร์ปอเรชั่น จำกัด (มหาชน),BCP,09/08/2566,,,บริษัท หลักทรัพย์ธนชาต จำกัด (มหาชน),,,,15/08/2566,,,สำนักงานประกันสังคม,นางสาว อิงกมล ปิกติ๊บ,,,,การระบุข้อมูลในข้อ 9 ข้อ 10 หรือข้อ 11 ให้ขึ้นกับลักษณะการกระทำที่เป็นผลให้มีหน้าที่รายงาน,207067997,207067997,15.0384,2890300,2890300,0.2099,204177697,204177697,14.8285,0,0,0.0,0,0,0.0,0,0,0.0,,,,True,success,
1648,https://web-r246-api.sec.or.th/api/forms/pdf/publish/64cb1e1d5e18c20912246cbb,246025602308-1,246025602308-1,246-2,บริษัท บางจาก คอร์ปอเรชั่น จำกัด (มหาชน),BCP,02/08/2566,,,บริษัท หลักทรัพย์เมย์แบงก์ (ประเทศไทย) จำกัด (มหาชน),,,,07/08/2566,39.259,02/08/2566,สำนักงานประกันสังคม,นาย ธราดล ธรณธรรม,,,,การระบุข้อมูลในข้อ 9 ข้อ 10 หรือข้อ 11 ให้ขึ้นกับลักษณะการกระทำที่เป็นผลให้มีหน้าที่รายงาน,206141097,206141097,14.9711,540500,540500,0.0392,206681597,206681597,15.0103,0,0,0.0,0,0,0.0,0,0,0.0,,,,True,success,
1661,https://web-r246-api.sec.or.th/api/forms/pdf/publish/64be31be940ba45d093f3de0,246025482307-1,246025482307-1,246-2,บริษัท บางจาก คอร์ปอเรชั่น จำกัด (มหาชน),BCP,21/07/2566,,,บริษัท หลักทรัพย์ยูโอบี เคย์เฮียน (ประเทศไทย) จำกัด (มหาชน),,,,26/07/2566,,,สำนักงานประกันสังคม,นางสาว อิงกมล ปิกติ๊บ,,,,การระบุข้อมูลในข้อ 9 ข้อ 10 หรือข้อ 11 ให้ขึ้นกับลักษณะการกระทำที่เป็นผลให้มีหน้าที่รายงาน,207215597,207215597,15.0491,1074500,1074500,0.078,206141097,206141097,14.9711,0,0,0.0,0,0,0.0,0,0,0.0,,,,True,success,
1684,https://web-r246-api.sec.or.th/api/forms/pdf/publish/64acdd6bb838a32ffd2f1917,246025322307-1,246025322307-1,246-2,บริษัท บางจาก คอร์ปอเรชั่น จำกัด (มหาชน),BCP,10/07/2566,,,บริษัท หลักทรัพย์บัวหลวง จำกัด (มหาชน),,,,13/07/2566,37.1639,10/07/2566,สำนักงานประกันสังคม,นาย ธราดล ธรณธรรม,,,,การระบุข้อมูลในข้อ 9 ข้อ 10 หรือข้อ 11 ให้ขึ้นกับลักษณะการกระทำที่เป็นผลให้มีหน้าที่รายงาน,206349797,206349797,14.9862,1470000,1470000,0.1067,207819797,207819797,15.093,0,0,0.0,0,0,0.0,0,0,0.0,,,,True,success,
1688,https://web-r246-api.sec.or.th/api/forms/pdf/publish/64abb1447a233a90f44211e0,246025212307-1,246025212307-1,246-2,บริษัท บางจาก คอร์ปอเรชั่น จำกัด (มหาชน),BCP,07/07/2566,,,บริษัท หลักทรัพย์ธนชาต จำกัด (มหาชน),,,,12/07/2566,,,สำนักงานประกันสังคม,นาย ธราดล ธรณธรรม,,,,การระบุข้อมูลในข้อ 9 ข้อ 10 หรือข้อ 11 ให้ขึ้นกับลักษณะการกระทำที่เป็นผลให้มีหน้าที่รายงาน,206608197,206608197,15.005,258400,258400,0.0187,206349797,206349797,14.9862,0,0,0.0,0,0,0.0,0,0,0.0,,,,True,success,
1698,https://web-r246-api.sec.or.th/api/forms/pdf/publish/64a7700e71514b76f23c9a7e,246025172307-1,246025172307-1,246-2,บริษัท บางจาก คอร์ปอเรชั่น จำกัด (มหาชน),BCP,05/07/2566,,,บริษัท หลักทรัพย์ อินโนเวสท์ เอกซ์ จำกัด,,,,10/07/2566,36.6587,05/07/2566,สำนักงานประกันสังคม,นาย ธราดล ธรณธรรม,,,,การระบุข้อมูลในข้อ 9 ข้อ 10 หรือข้อ 11 ให้ขึ้นกับลักษณะการกระทำที่เป็นผลให้มีหน้าที่รายงาน,205706297,205706297,14.9395,901900,901900,0.0655,206608197,206608197,15.005,0,0,0.0,0,0,0.0,0,0,0.0,,,,True,success,
2388,https://web-r246-api.sec.or.th/api/forms/pdf/publish/62679cb5af3c9728d44a361a,246018082204-1,246018082204-1,246-2,บริษัท บางจาก คอร์ปอเรชั่น จำกัด (มหาชน),BCP,25/04/2565,,,บริษัท หลักทรัพย์ซี แอล เอส เอ (ประเทศไทย) จำกัด,,,,26/04/2565,,,บริษัท หลักทรัพย์จัดการกองทุนรวมบัวหลวง จำกัด,นางสาว อภิชญา จันทร์แจ่ม,,,,การระบุข้อมูลในข้อ 9 ข้อ 10 หรือข้อ 11 ให้ขึ้นกับลักษณะการกระทำที่เป็นผลให้มีหน้าที่รายงาน,68859900,68859900,5.0718,1000000,1000000,0.0736,67859900,67859900,4.9982,0,0,0.0,0,0,0.0,0,0,0.0,,,,True,success,
2539,https://web-r246-api.sec.or.th/api/forms/pdf/publish/6904332eb323fc4e0242621b,246039152510-1,246039152510-1,246-2,BCPG PUBLIC COMPANY LIMITED,BCPG,02/02/2022,Disposition,Through the Stock Exchange of Thailand via a securities company,FINANSIA SYRUS SECURITIES PUBLIC COMPANY LIMITED,,,,31/10/2025,,,CAPITAL ASIA INVESTMENTS PTE LTD,CAPITAL ASIA INVESTMENTS PTE. LTD.,to file a report in accordance with Section 246,"Common shares, Preferred shares",,,146464929,146464929,5.0608,7000000,7000000,0.2418,139464929,139464929,4.8189,0,0,0.0,0,0,0.0,0,0,0.0,,,,True,success,
2741,https://web-r246-api.sec.or.th/api/forms/pdf/publish/6188eecc26ed7e2628da4e15,246014432111-1,246014432111-1,246-2,บริษัท บางจาก คอร์ปอเรชั่น จำกัด (มหาชน),BCP,05/11/2564,,,บริษัท หลักทรัพย์ โนมูระ พัฒนสิน จำกัด (มหาชน),,,,10/11/2564,,,สำนักงานประกันสังคม,นาย ปวิธ ตั้งเจริญ,,,,การระบุข้อมูลในข้อ 9 ข้อ 10 หรือข้อ 11 ให้ขึ้นกับลักษณะการกระทำที่เป็นผลให้มีหน้าที่รายงาน,204184197,204184197,15.0391,1564500,1564500,0.1152,202619697,202619697,14.9239,0,0,0.0,0,0,0.0,0,0,0.0,,,,True,success,
2751,https://web-r246-api.sec.or.th/api/forms/pdf/publish/6927f5eb794d88d1dd8c6ef5,246039492511-1,246039492511-1,246-2,BCPG PUBLIC COMPANY LIMITED,BCPG,29/10/2021,Disposition,Through the Stock Exchange of Thailand via a securities company,FINANSIA SYRUS SECURITIES PUBLIC COMPANY LIMITED,,,,27/11/2025,,,"PILGRIM PARTNERS ASIA (PTE), LTD.",Mr. Chan Kheng Guan Nicholas,to file a report in accordance with Section 246,"Common shares, Preferred shares",,,146812500,146812500,5.0729,7000000,7000000,0.2418,139812500,139812500,4.831,0,0,0.0,0,0,0.0,0,0,0.0,,,,True,success,
2752,https://web-r246-api.sec.or.th/api/forms/pdf/publish/68ed92c0ca48fca8a042bcb9,246038952510-1,246038952510-1,246-2,BCPG PUBLIC COMPANY LIMITED,BCPG,29/10/2021,Disposition,Through the Stock Exchange of Thailand via a securities company,FINANSIA SYRUS SECURITIES PUBLIC COMPANY LIMITED,,,,14/10/2025,,,Mr. Khan Khengguannicholas,Chan,to file a report in accordance with Section 246,"Common shares, Preferred shares",,,146812500,146812500,5.0729,7000000,7000000,0.2418,139812500,139812500,4.831,0,0,0.0,0,0,0.0,0,0,0.0,,,,True,success,
2792,https://web-r246-api.sec.or.th/api/forms/pdf/publish/6167d768e69a5617d49cc542,246013932110-1,246013932110-1,246-2,บริษัท บางจาก คอร์ปอเรชั่น จำกัด (มหาชน),BCP,12/10/2564,,,บริษัท หลักทรัพย์ทิสโก้ จำกัด,,,,18/10/2564,28.826,12/10/2564,สำนักงานประกันสังคม,นาย ปวิธ ตั้งเจริญ,,,,การระบุข้อมูลในข้อ 9 ข้อ 10 หรือข้อ 11 ให้ขึ้นกับลักษณะการกระทำที่เป็นผลให้มีหน้าที่รายงาน,203434297,203434297,14.9839,749900,749900,0.0552,204184197,204184197,15.0391,0,0,0.0,0,0,0.0,0,0,0.0,,,,True,success,
3108,https://web-r246-api.sec.or.th/api/forms/pdf/publish/60936c922058552e6c4b2f36,246010432105-1,246010432105-1,246-2,บริษัท บางจาก คอร์ปอเรชั่น จำกัด (มหาชน),BCP,05/05/2564,,,บริษัท หลักทรัพย์ กสิกรไทย จำกัด (มหาชน),,,,07/05/2564,,,สำนักงานประกันสังคม,นาย ปวิธ ตั้งเจริญ,,,,การระบุข้อมูลในข้อ 9 ข้อ 10 หรือข้อ 11 ให้ขึ้นกับลักษณะการกระทำที่เป็นผลให้มีหน้าที่รายงาน,204192797,204192797,15.0397,1089100,1089100,0.0802,203103697,203103697,14.9595,0,0,0.0,0,0,0.0,0,0,0.0,,,,True,success,
